{
  "properties": {
    "connectionReferences": {
      "shared_commondataserviceforapps": {
        "runtimeSource": "embedded",
        "connection": {
          "connectionReferenceLogicalName": "ya_sharedcommondataserviceforapps_c5675"
        },
        "api": {
          "name": "shared_commondataserviceforapps"
        }
      }
    },
    "definition": {
      "$schema": "https://schema.management.azure.com/providers/Microsoft.Logic/schemas/2016-06-01/workflowdefinition.json#",
      "contentVersion": "1.0.0.0",
      "parameters": {
        "$connections": {
          "defaultValue": {},
          "type": "Object"
        },
        "$authentication": {
          "defaultValue": {},
          "type": "SecureObject"
        }
      },
      "triggers": {
        "行が追加、変更、または削除された場合": {
          "metadata": {
            "operationMetadataId": "2cee18d2-5c84-4636-b352-3280a766e775"
          },
          "type": "OpenApiConnectionWebhook",
          "inputs": {
            "host": {
              "connectionName": "shared_commondataserviceforapps",
              "operationId": "SubscribeWebhookTrigger",
              "apiId": "/providers/Microsoft.PowerApps/apis/shared_commondataserviceforapps"
            },
            "parameters": {
              "subscriptionRequest/message": 1,
              "subscriptionRequest/entityname": "ya_miyuki",
              "subscriptionRequest/scope": 4
            },
            "authentication": "@parameters('$authentication')"
          }
        }
      },
      "actions": {
        "行を更新する": {
          "runAfter": {},
          "metadata": {
            "operationMetadataId": "9eff11ee-0f08-45e5-90f3-c47a9d3c88df"
          },
          "type": "OpenApiConnection",
          "inputs": {
            "host": {
              "connectionName": "shared_commondataserviceforapps",
              "operationId": "UpdateRecord",
              "apiId": "/providers/Microsoft.PowerApps/apis/shared_commondataserviceforapps"
            },
            "parameters": {
              "entityName": "ya_miyukis",
              "recordId": "@triggerOutputs()?['body/ya_miyukiid']",
              "item/ya_id": "@{triggerOutputs()?['body/_createdby_value']}-@{triggerOutputs()?['body/createdon']}"
            },
            "authentication": "@parameters('$authentication')"
          }
        }
      }
    }
  },
  "schemaVersion": "1.0.0.0"
}